<application>
  <component name="AndroidLogcatFilterHistory">
    <option name="mostRecentlyUsed" value="" />
    <option name="nonFavorites">
      <list>
        <option value="package:mine" />
        <option value="package:mine " />
        <option value="package:com.lefal.mealligram" />
        <option value="package:com.lefal.mealligram.qa " />
        <option value="package:com.lefal.mealligram.qa u" />
        <option value="package:com.lefal.mealligram.qa bulk" />
        <option value="package:mine combo" />
        <option value="package:mine ConsecutiveDaysViewModel" />
        <option value="package:mine EEEEEEEEEEEE" />
        <option value="package:mine banner" />
        <option value="package:mine brand" />
        <option value="package:mine FFFFFFFFF" />
        <option value="package:mine 테스트" />
        <option value="package:mine  AAAAAAAAA" />
        <option value="package:mine  " />
        <option value="package:mine  fffffffff" />
        <option value="package:mine viewModel " />
        <option value="package:mine RewardFragment" />
        <option value="package:mine firebase" />
        <option value="package:mine blocked" />
      </list>
    </option>
  </component>
</application>