<application>
  <component name="CodeVisionSettings">
    <option name="defaultPosition" value="Right" />
  </component>
  <component name="DaemonCodeAnalyzerSettings">
    <option name="AUTOREPARSE_DELAY" value="0" />
  </component>
  <component name="EditorSettings">
    <option name="USE_SOFT_WRAPS" value="CONSOLE:PREVIEW" />
  </component>
  <component name="InlayHintsSettings">
    <settingsMapElement>
      <kotlin.kotlin.values.hints>
        <Settings>
          <option name="ranges" value="false" />
        </Settings>
      </kotlin.kotlin.values.hints>
    </settingsMapElement>
  </component>
</application>