<application>
  <component name="ActionMacroManager">
    <macro name="code generate">
      <typing text-keycode="70:0;76:0;85:0;84:0;84:0;69:0;82:0;32:0;80:0;85:0;66:0;32:0;82:0;85:0;78:0;32:0;66:0;85:0;73:0;76:0;68:0;45:1;78:0;85:0">flutter&amp;#x20;pub&amp;#x20;run&amp;#x20;build_nu</typing>
      <shortuct text="BACK_SPACE" />
      <shortuct text="BACK_SPACE" />
      <typing text-keycode="82:0;85:0;78:0;78:0;69:0;82:0;32:0;66:0;85:0;73:0;76:0;68:0">runner&amp;#x20;build</typing>
      <shortuct text="ENTER" />
    </macro>
  </component>
</application>